Zona,Reddito medio pro-capite 2009,Reddito medio pro-capite 2010,Reddito medio pro-capite 2011,Reddito medio pro-capite 2012,Reddito medio pro-capite 2013,Reddito medio pro-capite 2014,Reddito medio pro-capite 2015,Reddito medio pro-capite 2016
Borgo Panigale,20027,20289,20371,20509,20996,21142,21427,21429
Lame,20575,20557,20657,20898,21102,21178,21356,21343
Corticella,21145,21228,21365,22003,21994,22056,22268,22442
San Donato,19188,19383,19225,19433,19845,19803,20167,20247
Bolognina,19941,19788,19717,19819,20219,20235,20307,20451
Santa Viola,21314,21275,21548,21708,22071,22090,22656,22784
Barca,20466,20735,20934,21236,21649,21689,21737,21906
Saffi,22011,22113,22437,22567,22807,22787,23084,23289
Costa Saragozza,29315,29188,28986,29070,29185,29408,29838,30166
Colli,44966,44859,44294,43195,44423,43981,45601,47595
San Ruffillo,24664,24878,24897,24912,25082,25233,25380,25544
Mazzini,22570,22650,22661,22736,22966,23135,23422,23638
Murri,31302,31951,31360,30739,31497,31525,31770,32324
San Vitale,23388,23657,23658,23747,24009,24099,24245,24332
Marconi,31455,31542,30843,30844,31002,31148,31567,31323
Irnerio,30865,31112,30770,30781,31518,31204,31417,31721
Galvani,39400,38124,37897,36842,37735,37889,38877,42168
Malpighi,31324,31303,31397,31098,31363,31372,32420,32806
