Zona,Reddito medio pro-capite 2009,Reddito medio pro-capite 2010,Reddito medio pro-capite 2011,Reddito medio pro-capite 2012,Reddito medio pro-capite 2013,Reddito medio pro-capite 2014,Reddito medio pro-capite 2015,Reddito medio pro-capite 2016,Movimento 5 Stelle Camera,Percentuale voti Movimento 5 Stelle Camera,Il Popolo della Famiglia Camera,Percentuale voti Il Popolo della Famiglia Camera,Per una Sinistra Rivoluzionaria Camera,Percentuale voti Per una Sinistra Rivoluzionaria Camera,Partito Comunista Camera,Percentuale voti Partito Comunista Camera,Civica Popolare Camera,Percentuale voti Civica Popolare Camera,Partito Democratico Camera,Percentuale voti Partito Democratico Camera,Italia Europa Insieme Camera,Percentuale voti Italia Europa Insieme Camera,Piu Europa Camera,Percentuale voti Piu Europa Camera,Unione di Centro Camera,Percentuale voti Unione di Centro Camera,Forza Italia Camera,Percentuale voti Forza Italia Camera,Lega Nord Camera,Percentuale voti Lega Nord Camera,Fratelli d Italia Camera,Percentuale voti Fratelli d Italia Camera,Italia agli Italiani Camera,Percentuale voti Italia agli Italiani Camera,Partito Repubblicano Italiano - Alleanza Liberalpopolare - Autonomie Camera,Percentuale voti Partito Repubblicano Italiano - Alleanza Liberalpopolare - Autonomie Camera,Potere al Popolo Camera,Percentuale voti Potere al Popolo Camera,Liberi e Uguali Camera,Percentuale voti Liberi e Uguali Camera,Casa Pound Camera,Percentuale voti Casa Pound Camera,Totale Voti Validi Camera,Movimento per le Destre unite - Movimento per i Forconi Senato,Percentuale voti Movimento per le Destre unite - Movimento per i Forconi Senato,Il Popolo della Famiglia Senato,Percentuale voti Il Popolo della Famiglia Senato,Partito Repubblicato Italiano - Alleanza Liberalpopolare - Autonomie Senato,Percentuale voti Partito Repubblicato Italiano - Alleanza Liberalpopolare - Autonomie Senato,Potere al Popolo Senato,Percentuale voti Potere al Popolo Senato,Civica Popolare Senato,Percentuale voti Civica Popolare Senato,Italia Europa Insieme Senato,Percentuale voti Italia Europa Insieme Senato,Piu Europa Senato,Percentuale voti Piu Europa Senato,Partito Democratico Senato,Percentuale voti Partito Democratico Senato,Per una Sinistra Rivoluzionaria Senato,Percentuale voti Per una Sinistra Rivoluzionaria Senato,Partito Comunista Senato,Percentuale voti Partito Comunista Senato,CasaPound Senato,Percentuale voti CasaPound Senato,Liberi e Uguali Senato,Percentuale voti Liberi e Uguali Senato,Italia agli Italiani Senato,Percentuale voti Italia agli Italiani Senato,Movimento 5 Stelle Senato,Percentuale voti Movimento 5 Stelle Senato,Forza Italia Senato,Percentuale voti Forza Italia Senato,Unione di Centro Senato,Percentuale voti Unione di Centro Senato,Lega Nord Senato,Percentuale voti Lega Nord Senato,Fratelli d Italia Senato,Percentuale voti Fratelli d Italia Senato,Totale Voti Validi Senato,Residenti
Borgo Panigale,20027,20289,20371,20509,20996,21142,21427,21429,3642,26.27,68,0.49,36,0.26,129,0.93,59,0.43,4649,33.53,131,0.94,466,3.36,103,0.74,1011,7.29,1975,14.24,367,2.65,38,0.27,14,0.1,184,1.33,918,6.62,76,0.55,13866,23,0.18,62,0.48,19,0.15,160,1.24,67,0.52,113,0.87,407,3.14,4219,32.59,39,0.3,127,0.98,56,0.43,1002,7.74,39,0.3,3325,25.68,976,7.54,50,0.39,1908,14.74,355,2.74,12947,26445
Lame,20575,20557,20657,20898,21102,21178,21356,21343,2048,27.09,28,0.37,16,0.21,72,0.95,46,0.61,2283,30.2,95,1.26,313,4.14,25,0.33,573,7.58,1064,14.08,194,2.57,25,0.33,9,0.12,150,1.98,577,7.63,41,0.54,7559,17,0.24,25,0.35,10,0.14,133,1.88,54,0.77,68,0.96,252,3.57,2091,29.63,16,0.23,63,0.89,33,0.47,614,8.7,27,0.38,1881,26.65,539,7.64,19,0.27,1033,14.64,182,2.58,7057,14753
Corticella,21145,21228,21365,22003,21994,22056,22268,22442,2422,25.42,36,0.38,26,0.27,87,0.91,55,0.58,3240,34.0,103,1.08,355,3.73,45,0.47,655,6.87,1234,12.95,254,2.67,38,0.4,6,0.06,156,1.64,782,8.21,35,0.37,9529,9,0.1,33,0.37,9,0.1,144,1.62,43,0.48,87,0.98,285,3.2,3015,33.82,21,0.24,82,0.92,25,0.28,844,9.47,27,0.3,2226,24.97,619,6.94,40,0.45,1176,13.19,230,2.58,8915,18499
San Donato,19188,19383,19225,19433,19845,19803,20167,20247,3873,25.39,90,0.59,41,0.27,153,1.0,102,0.67,4600,30.15,136,0.89,638,4.18,59,0.39,1202,7.88,2158,14.14,401,2.63,62,0.41,22,0.14,394,2.58,1250,8.19,76,0.5,15257,28,0.2,87,0.61,23,0.16,363,2.53,246,1.72,141,0.98,473,3.3,4099,28.62,43,0.3,138,0.96,78,0.54,1337,9.33,56,0.39,3552,24.8,1156,8.07,60,0.42,2079,14.52,364,2.54,14323,31523
Bolognina,19941,19788,19717,19819,20219,20235,20307,20451,3911,24.99,70,0.45,40,0.26,114,0.73,80,0.51,4319,27.6,186,1.19,852,5.44,47,0.3,1199,7.66,2184,13.96,431,2.75,46,0.29,19,0.12,664,4.24,1401,8.95,86,0.55,15649,21,0.14,71,0.48,20,0.14,636,4.34,74,0.5,172,1.17,658,4.49,3895,26.56,44,0.3,127,0.87,73,0.5,1529,10.43,53,0.36,3622,24.7,1142,7.79,38,0.26,2098,14.31,391,2.67,14664,35546
Santa Viola,21314,21275,21548,21708,22071,22090,22656,22784,1841,27.02,34,0.5,13,0.19,57,0.84,38,0.56,2010,29.5,74,1.09,309,4.54,20,0.29,511,7.5,952,13.97,201,2.95,28,0.41,7,0.1,137,2.01,535,7.85,46,0.68,6813,7,0.11,28,0.44,12,0.19,130,2.04,26,0.41,68,1.07,252,3.95,1818,28.52,14,0.22,63,0.99,35,0.55,583,9.15,22,0.35,1713,26.87,499,7.83,19,0.3,901,14.13,185,2.9,6375,13362
Barca,20466,20735,20934,21236,21649,21689,21737,21906,2687,23.76,70,0.62,21,0.19,102,0.9,62,0.55,3800,33.6,132,1.17,455,4.02,44,0.39,864,7.64,1567,13.86,327,2.89,38,0.34,17,0.15,209,1.85,864,7.64,50,0.44,11309,14,0.13,66,0.63,12,0.11,184,1.74,65,0.62,120,1.14,356,3.37,3471,32.9,28,0.27,93,0.88,45,0.43,939,8.9,40,0.38,2499,23.68,817,7.74,34,0.32,1470,13.93,298,2.82,10551,21050
Saffi,22011,22113,22437,22567,22807,22787,23084,23289,2295,23.88,40,0.42,24,0.25,52,0.54,58,0.6,2646,27.53,134,1.39,595,6.19,52,0.54,801,8.34,1281,13.33,340,3.54,38,0.4,4,0.04,299,3.11,889,9.25,62,0.65,9610,9,0.1,39,0.44,8,0.09,270,3.01,48,0.54,117,1.31,494,5.51,2345,26.16,23,0.26,44,0.49,59,0.66,961,10.72,33,0.37,2158,24.08,783,8.74,37,0.41,1227,13.69,308,3.44,8963,18214
Costa Saragozza,29315,29188,28986,29070,29185,29408,29838,30166,2299,16.9,57,0.42,30,0.22,61,0.45,106,0.78,3761,27.64,213,1.57,1233,9.06,83,0.61,1529,11.24,1909,14.03,602,4.42,38,0.28,30,0.22,462,3.4,1109,8.15,85,0.62,13607,16,0.13,61,0.48,31,0.24,434,3.42,79,0.62,159,1.25,995,7.85,3262,25.73,30,0.24,67,0.53,63,0.5,1287,10.15,42,0.33,2274,17.94,1453,11.46,76,0.6,1827,14.41,521,4.11,12677,24631
Colli,44966,44859,44294,43195,44423,43981,45601,47595,492,12.12,20,0.49,3,0.07,7,0.17,51,1.26,1007,24.81,82,2.02,393,9.68,45,1.11,761,18.75,606,14.93,255,6.28,8,0.2,17,0.42,74,1.82,218,5.37,20,0.49,4059,3,0.08,18,0.49,20,0.55,67,1.83,55,1.5,61,1.66,337,9.19,848,23.11,3,0.08,5,0.14,13,0.35,252,6.87,4,0.11,442,12.05,702,19.13,29,0.79,569,15.51,241,6.57,3669,8820
San Ruffillo,24664,24878,24897,24912,25082,25233,25380,25544,2599,22.28,65,0.56,18,0.15,67,0.57,114,0.98,3394,29.09,159,1.36,707,6.06,49,0.42,1169,10.02,1681,14.41,452,3.87,34,0.29,18,0.15,204,1.75,866,7.42,71,0.61,11667,12,0.11,60,0.55,20,0.18,191,1.76,91,0.84,133,1.22,573,5.28,3045,28.04,23,0.21,71,0.65,46,0.42,946,8.71,34,0.31,2462,22.67,1102,10.15,41,0.38,1604,14.77,405,3.73,10859,21411
Mazzini,22570,22650,22661,22736,22966,23135,23422,23638,4775,23.05,107,0.52,46,0.22,164,0.79,181,0.87,6804,32.84,262,1.26,941,4.54,80,0.39,1732,8.36,2718,13.12,701,3.38,63,0.3,39,0.19,373,1.8,1650,7.96,80,0.39,20716,25,0.13,113,0.58,40,0.21,346,1.78,140,0.72,237,1.22,773,3.97,6261,32.18,48,0.25,176,0.9,74,0.38,1769,9.09,64,0.33,4467,22.96,1604,8.24,66,0.34,2634,13.54,621,3.19,19458,38358
Murri,31302,31951,31360,30739,31497,31525,31770,32324,2704,17.17,90,0.57,28,0.18,66,0.42,151,0.96,4465,28.35,288,1.83,1326,8.42,97,0.62,1910,12.13,2202,13.98,739,4.69,49,0.31,29,0.18,317,2.01,1202,7.63,89,0.57,15752,11,0.08,95,0.66,35,0.24,292,2.01,135,0.93,234,1.61,1075,7.42,3884,26.8,33,0.23,71,0.49,62,0.43,1350,9.31,37,0.26,2534,17.48,1800,12.42,78,0.54,2092,14.43,675,4.66,14493,28714
San Vitale,23388,23657,23658,23747,24009,24099,24245,24332,4141,22.92,86,0.48,52,0.29,121,0.67,179,0.99,5110,28.28,400,2.21,1103,6.1,120,0.66,1636,9.05,2394,13.25,611,3.38,59,0.33,29,0.16,509,2.82,1429,7.91,89,0.49,18068,11,0.07,78,0.47,31,0.18,458,2.73,117,0.7,222,1.32,892,5.32,4651,27.74,55,0.33,116,0.69,69,0.41,1588,9.47,51,0.3,3917,23.36,1534,9.15,96,0.57,2312,13.79,571,3.41,16769,34369
Marconi,31455,31542,30843,30844,31002,31148,31567,31323,1469,17.63,32,0.38,11,0.13,34,0.41,65,0.78,2096,25.16,132,1.58,719,8.63,52,0.62,1108,13.3,1092,13.11,435,5.22,24,0.29,19,0.23,277,3.32,702,8.43,64,0.77,8331,9,0.12,31,0.4,18,0.23,262,3.38,60,0.77,106,1.37,594,7.67,1848,23.85,17,0.22,31,0.4,48,0.62,807,10.41,25,0.32,1371,17.69,1052,13.58,33,0.43,1057,13.64,380,4.9,7749,14612
Irnerio,30865,31112,30770,30781,31518,31204,31417,31721,1233,16.95,25,0.34,22,0.3,26,0.36,56,0.77,1811,24.89,130,1.79,761,10.46,40,0.55,848,11.66,842,11.57,304,4.18,20,0.27,20,0.27,325,4.47,777,10.68,35,0.48,7275,3,0.04,24,0.36,12,0.18,318,4.72,58,0.86,110,1.63,618,9.18,1535,22.79,24,0.36,28,0.42,32,0.48,889,13.2,21,0.31,1162,17.26,780,11.58,34,0.5,815,12.1,271,4.02,6734,13613
Galvani,39400,38124,37897,36842,37735,37889,38877,42168,1014,13.31,44,0.58,9,0.12,24,0.31,65,0.85,1873,24.58,159,2.09,893,11.72,62,0.81,1217,15.97,1003,13.16,377,4.95,18,0.24,16,0.21,218,2.86,563,7.39,65,0.85,7620,10,0.14,39,0.55,13,0.18,202,2.86,45,0.64,135,1.91,758,10.73,1617,22.89,9,0.13,23,0.33,49,0.69,687,9.73,20,0.28,981,13.89,1115,15.79,55,0.78,973,13.78,332,4.7,7063,12939
Malpighi,31324,31303,31397,31098,31363,31372,32420,32806,1075,16.39,35,0.53,23,0.35,35,0.53,37,0.56,1651,25.17,114,1.74,613,9.35,38,0.58,832,12.68,777,11.85,298,4.54,14,0.21,16,0.24,336,5.12,617,9.41,48,0.73,6559,7,0.12,35,0.58,14,0.23,315,5.19,30,0.49,88,1.45,504,8.31,1408,23.2,21,0.35,41,0.68,36,0.59,733,12.08,16,0.26,1012,16.68,794,13.09,26,0.43,717,11.82,271,4.47,6068,11959
